UNITID,cs_stat,cs_pval,noncs_stat,noncs_pval,quadrant
100654,0.5810487722010592,0.06084259772581661,0.7252601681895545,0.011544828136425342,1
100663,0.5068307098197522,0.11158877415890525,0.9473346984599518,9.576346106682073e-06,1
100706,0.583777883368691,0.05935228134154108,0.8453730144601201,0.0010475359520541524,1
100724,0.19999999999999996,0.5554454421055853,0.6481555735642778,0.03101905661925166,1
100751,0.18786665683944082,0.5801465014949495,0.9621547696090946,2.2118893455408544e-06,1
100812,-0.21199750830781777,0.5314468128469897,0.8273849663616794,0.001672362908583145,3
100858,0.23400090185080924,0.48859878881189905,0.8528964584474727,0.0008465353300016982,1
101116,0.3,0.3700831222820675,0.08700468913873693,0.7992136755178351,1
101189,6.938893903907228e-18,0.9999999999999998,0.7017962440023451,0.016078214994216543,1
101480,-0.8406827196141524,0.0011897922393653184,-0.8312615311410998,0.0015188457163096392,4
101879,0.5988222295738689,0.05158054495183235,0.9195855894577251,6.175146674057414e-05,1
101912,0.37300192329612547,0.25854720086632993,0.8221559067083368,0.0018974780314398802,1
102049,-0.30379248640351286,0.3637636283306834,0.4124451516833044,0.20745510521712618,3
102094,0.03146294872337252,0.9268322019335993,0.7431427716946599,0.008773672397156387,1
102298,-0.09999999999999996,0.7698749998921364,0.1008875829830051,0.7678805757882182,3
102368,-0.016362443871225762,0.961916700190976,0.5551156481602701,0.07628608646182296,3
102377,0.4999999999999999,0.11730680301423828,-0.10139137381090896,0.7667491045645775,2
102553,0.6810448542581287,0.02104537596766711,0.8864203217245059,0.0002780363253675328,1
102614,0.6947583121138983,0.017656448552855426,0.6699016721854196,0.024121342793574852,1
102845,0.7411046619025985,0.009062056963898231,-0.22780663099875645,0.5005036764140568,2
104151,0.49387235262017126,0.12259383763064514,0.8966182639985589,0.00018486471154595293,1
104179,0.7261180804712501,0.011399052350296288,0.941910487227264,1.476845088665823e-05,1
105330,0.7055974503875935,0.015269290980168972,0.9885513103047355,1.0584762492352377e-08,1
106245,-0.29075053167654785,0.3857279150297155,0.6071942616388564,0.04757290048943816,3
106342,0.19999999999999996,0.5554454421055853,0.661053610077038,0.026780824448503326,1
106397,-0.08716865806115487,0.7988419592202559,0.9779769873174443,1.9797416686636586e-07,3
106412,0.19999999999999996,0.5554454421055853,0.7473583143125573,0.008198496388472658,1
106458,0.37692128496839933,0.2531777804080867,0.7630613440610285,0.006295904535169772,1
106467,0.7638777103113422,0.006206820268379333,0.9129054656318839,8.756209753331981e-05,1
106704,0.46566706389666956,0.14888329160235725,0.9741446592033209,4.0526105662262013e-07,1
107044,0.37961369387054744,0.24952652088770133,0.725903832847691,0.011435331468518831,1
107071,0.674707258785224,0.02275821778335945,0.6120450675896544,0.04535171698067172,1
107080,-0.10283196260228182,0.763515926849218,0.5974928585541035,0.05223749569441943,3
107512,-0.19999999999999993,0.5554454421055853,0.7580190763847371,0.006867077468416179,3
107983,-0.39581335142011653,0.22820029153684335,0.7785267381588369,0.004760463069534866,3
108092,0.3998305465537032,0.2230827243705227,0.9463022747787879,1.043483897619708e-05,1
108232,0.15066002106667126,0.6583639321644746,0.9058765446694377,0.00012287796912754413,1
109785,-0.06554058471545349,0.8481700464963803,0.9654368352469126,1.4775521769485717e-06,3
110097,0.5691349910185423,0.06764581596889868,0.8502766992233278,0.000912891636767932,1
110404,0.41970107469910656,0.19877010935398942,0.7993665914324936,0.003151914492832099,1
110413,0.49587054310029605,0.1208533155965855,0.9547467274186394,4.891691139836739e-06,1
110422,0.33222292913133794,0.3181917632956877,0.9122695806346713,9.039081490243968e-05,1
110486,-0.0946050526532799,0.7820241482648498,0.9515360152033395,6.628084583824954e-06,3
110495,0.8095261245961644,0.0025341357236776762,0.9815598800224976,8.950452942527068e-08,1
110510,0.8824725500744559,0.00032233725247694025,0.9860779349102266,2.543321170928362e-08,1
110529,0.33997288938687165,0.30633089371718003,0.989730409118195,6.501378017090937e-09,1
110538,0.8506489104007364,0.0009032330009507279,0.991970799882505,2.1549612938271177e-09,1
110547,0.6404244322355783,0.03377366176851378,0.9872392757151907,1.72147007620935e-08,1
110556,0.5263823708412606,0.09622960227160658,0.9961668962146917,7.780488584124517e-11,1
110565,0.5526410937347306,0.07788404854067865,0.9870104750238458,1.8641775050355232e-08,1
110574,0.7802761046656853,0.004606123331212767,0.9948382768861637,2.963315331765188e-10,1
110583,0.39161172802404043,0.23362554745083589,0.9845191042210201,4.0911221051423426e-08,1
110592,0.9190733534681849,6.349336706878503e-05,0.981281993589897,9.569788256446327e-08,1
110608,0.9378549573811356,1.9890451542162172e-05,0.9904884914918499,4.6090532843011134e-09,1
110617,0.6161202180300211,0.04354186600196726,0.9937510467325595,6.992893681158701e-10,1
110635,-0.19935939587177864,0.5567389340851283,0.9619682458035248,2.2607584450279952e-06,3
110644,0.017450664430669657,0.9593856294104899,0.9887312964988706,9.858827547439586e-09,1
110653,0.7447443775638066,0.008551791528374368,0.9432501247150413,1.33225851867553e-05,1
110662,-0.6061037679214758,0.04808234872437993,0.9882086300837571,1.2081066010800928e-08,3
110671,0.3094484546072578,0.35444292867058746,0.7581480061301169,0.006852016862724288,1
110680,-0.04810232772790472,0.8883095018214388,0.8955895559630962,0.0001929919321740718,3
110705,-0.4626177324977079,0.1519202701876441,0.7582163667682684,0.0068440413108472,3
110714,0.40551847694148696,0.2159531435720381,0.8654245033814232,0.0005779740582100609,1
111948,-0.15252226854877407,0.6543670501306161,0.9015934762992668,0.00014916907531956156,3
112260,0.018333969940564243,0.9573314129916602,0.8524287877393094,0.0008581056647832874,1
115409,0.6122428797553912,0.045262687190565136,0.8435403539691488,0.0011015044534625532,1
115755,0.6650933133551693,0.025542183065824692,0.9819517366131518,8.130418586893884e-08,1
117140,0.4248597100009882,0.19273040917661305,0.8799055807121697,0.00035388837877679586,1
117627,0.7682141376602218,0.005749043839443761,0.9085581098173726,0.0001083213787664925,1
117946,0.34842860065787806,0.2936692088316838,0.29454692948146255,0.3792669481489415,1
118888,-0.25556798822008786,0.4481553008032585,0.6391401209160797,0.03424727372606402,3
119605,0.8281199753869608,0.0016424014329176854,0.8915282942867493,0.00022776445469930494,1
120184,-0.03481088747051911,0.9190674400236527,0.9773438211339732,2.2470161720441998e-07,3
120883,-0.11517301062687473,0.7359617600905468,0.5876484934655636,0.05728144279792891,3
121309,0.18504127811616594,0.585958338757807,0.9741182804112778,4.071094504063155e-07,1
121345,-0.14312740309240798,0.674612068561486,0.789230340381037,0.0038732348339230224,3
122409,0.7194645617395768,0.012565228495983913,0.8651591568254428,0.0005828868519484933,1
122436,-0.004945035615323223,0.9884872497837539,0.7439311581907795,0.008663934175875075,3
122597,0.8582425447547656,0.0007224542898297013,0.9650070886837026,1.56106743945199e-06,1
122612,0.45662348715640655,0.15800223906046026,0.9487371980152773,8.498438634037465e-06,1
122755,0.5958930366114051,0.05303566471545957,0.9866491333116117,2.1080665305746125e-08,1
122931,-0.2543790103309469,0.45034315143107,0.5066331690332282,0.11175155200468076,3
123572,0.6146627673858689,0.04418330470912208,0.9907084464898823,4.149771451047728e-09,1
123961,0.33418614789888584,0.3151641283861677,0.8690211954329667,0.0005144208949177003,1
125231,0.022703021250177285,0.9471743838471969,0.02548611502783918,0.9407079296998254,1
125727,0.4471212246231077,0.16794915930552223,0.7282166558727714,0.01104809070106734,1
126562,-0.3310180403823896,0.32005763385759833,0.9593843932154891,3.027492985561615e-06,3
126580,0.5548419313679613,0.07646175404927595,0.9136685362623052,8.425746887551395e-05,1
126614,0.7148696464067448,0.013419354399345057,0.989030605297981,8.737785285424935e-09,1
126669,0.07483901653764112,0.8268928735968212,0.9595127327126229,2.9852383574361563e-06,1
126678,-0.16276916181379486,0.6325222053743002,0.4677435410031213,0.14683715362447589,3
126818,0.786310594960126,0.004101952114485151,0.9682608944667397,1.010965300451214e-06,1
126827,-0.07798466288342208,0.8197177464772735,-0.6672171652792283,0.024907496288272254,4
127060,-0.004177217840748968,0.9902747599164291,0.8523568898562458,0.0008598949517790681,3
127556,0.2644691887682507,0.43193511064349777,0.9318323383813734,2.989371590506063e-05,1
127565,0.08170758424178999,0.8112419139247622,0.988467723372815,1.09356755686912e-08,1
127918,0.07549895038873042,0.8253865811490054,0.40201851908525577,0.2203240474070897,1
128106,0.017437734605965323,0.9594157007012152,0.8592583426277723,0.000700522985457024,1
128328,-0.22737087791998584,0.5013458812037815,0.744018022994843,0.008651904686803609,3
128771,0.8488840225793828,0.000949721917509327,0.976500105399561,2.645657429546061e-07,1
128902,0.6292907420771234,0.03803475849253128,0.4685956724997448,0.14600260518057728,1
129020,0.06817071298188562,0.8421418300125876,0.975224330326767,3.3500459703680466e-07,1
129215,0.04224202745310804,0.9018561787222588,0.9275980651688666,3.896269945747788e-05,1
129242,-0.03141578099241694,0.9269416388481462,0.4082742373744508,0.21254798032295563,3
129525,0.3554183614868748,0.283424333345886,0.8670072721091231,0.0005493164580725776,1
129941,0.39698920416473643,0.2266953144293981,0.5477192652280474,0.0811283885561373,1
130226,0.24449376687366603,0.4687236120874694,0.8188176881572249,0.0020525633661169717,1
130253,-0.45345283114078005,0.16127951745148542,0.7671637812072906,0.005857567842807911,3
130493,-0.08700270928824005,0.7992181640525141,0.8719041473129912,0.00046741774432132314,3
130590,0.4307211236951376,0.18600383980079638,-0.29409317367181104,0.38003628640740966,2
130697,0.2983510123274471,0.37284821119730105,0.7971222694815318,0.0033022220396738094,1
130776,0.39766828461687664,0.22582881152529385,0.9581962543529914,3.440986011299121e-06,1
130794,0.8815371252541079,0.00033357647997558763,0.9373161481691041,2.0662027816289e-05,1
130934,0.31522285658829435,0.34505646648991395,0.8040069057591697,0.002857310225073845,1
130943,0.46018742505286203,0.15436822325518354,0.8477958548242681,0.0009792686865067702,1
131113,0.572525109042305,0.06566020255761991,0.858482828782504,0.0007172203845210833,1
131159,0.3891879955231516,0.2367889419186794,0.9207851927235586,5.781523388234874e-05,1
131283,-0.5547187978941887,0.07654086742800914,0.8975767423621588,0.00017752936678389484,3
131399,0.10285653510220866,0.7634608069405237,0.8643704160071086,0.0005976765450928031,1
131450,0.20722200595541268,0.5409472319749782,0.5762192097973089,0.06354176554158154,1
131469,0.3976659588297563,0.22583177590017997,0.8898619310171294,0.00024333258600536852,1
131496,0.5655198256705123,0.06980739173325905,0.8375227471212896,0.0012934956939810375,1
131520,0.4999999999999999,0.11730680301423828,0.7174437655292497,0.012935869887288816,1
131803,0.41962044850383373,0.19886539577492432,0.6445873204121454,0.032270029511358066,1
132471,0.4638087661232437,0.15072949685683576,0.9061209250029177,0.00012149285263547791,1
132602,-0.3999999999999999,0.22286835013351997,-0.529799340735253,0.09369627318662942,4
132903,0.9186151782519434,6.50830641899781e-05,0.995592605119559,1.457103618977984e-10,1
133492,0.27569486145772354,0.41188603388277356,0.6674397895105354,0.024841620884002585,1
133650,0.6406914963498315,0.03367575579771497,0.651903224967575,0.02974226276252995,1
133669,0.7495948587610198,0.007904771224089231,0.6588625035503836,0.02747009898304744,1
133702,-0.14127031527135983,0.6786374152050992,0.7085193534220582,0.014667702535566044,3
133881,0.7507974753110256,0.007750049286936686,0.8417549592717527,0.0011560646903942874,1
133951,0.2618557429477975,0.4366681847111641,0.6783347034337956,0.0217661859170786,1
133979,0.66405020285043,0.025858054690440696,0.7141613270449123,0.013554650596860654,1
134079,-0.11579746480312338,0.7345746409300882,0.7883399951384913,0.003941952991241909,3
134097,0.9108293897382597,9.705549676351381e-05,0.9845341024707119,4.073404222668303e-08,1
134130,0.20178484437567334,0.5518479089253202,0.9896492187356946,6.735109864540624e-09,1
134237,0.8018079321874255,0.002994243479374983,0.6950483769689949,0.01758929707451888,1
134811,0.41843785618096874,0.20026616606344777,-0.7973246832711437,0.0032884521201862575,2
134945,0.17867371196963727,0.5991369714814446,0.9052165354507552,0.00012667907299515293,1
135081,0.6783740689914527,0.021755592086772572,0.5806671008478498,0.06105302448889459,1
135726,-0.5627467408196959,0.07149660015772602,-0.5000608077006707,0.1172550860017312,4
136172,0.4290554704714467,0.18790065024614072,0.9627350302825897,2.0650598333838374e-06,1
136215,-0.20512306227413052,0.5451447911431306,0.6317807370133668,0.03705101208829629,3
136950,0.3314365877175212,0.3194088138480869,0.8217370773724035,0.0019164390350333634,1
137032,0.7224440554905326,0.01203283692430256,0.7717730449750907,0.005392301883951886,1
137078,0.9212191345826704,5.643974049617525e-05,0.9576767119886866,3.6349094725943755e-06,1
137351,0.1752015890363245,0.6063691225843135,0.8727461468019997,0.00045432463759632034,1
137546,-0.0017969796084899119,0.9958162708497403,0.7957260711507141,0.00339837157816412,3
137847,0.1953208236387937,0.564921132619289,0.42051859980777234,0.19780548099366582,1
138293,-0.37300192329612547,0.25854720086632993,0.4345783966801202,0.18165601300515188,3
138354,0.2215452742032469,0.5126641983734211,0.9217184941656472,5.488804911545125e-05,1
138716,0.3575976876249205,0.2802713378677233,0.927471291916896,3.926331649808244e-05,1
138813,-0.2529285741909108,0.4530188260313483,0.7517693672584554,0.007626637785182731,3
138947,-0.3999999999999999,0.22286835013351997,-0.2878162299994253,0.3907592491358856,4
139311,0.3838923097649873,0.2437866983484995,0.6044771791596705,0.04884919823494843,1
139366,0.5513373462467553,0.07873486518496728,0.7593254980392594,0.006715588582149675,1
139579,0.20726448411076515,0.5408624195910583,0.6315395502730341,0.03714551604094443,1
139658,0.5607708946965364,0.07271677241607315,0.9807039373923291,1.0964309568152215e-07,1
139719,0.09999999999999995,0.7698749998921364,0.1953566992004091,0.5648482397491547,1
139755,-0.14584678413364077,0.6687314584357517,0.7816984536228071,0.0044833827318082695,3
139764,0.11548231337690482,0.735274607728941,0.7676586271642252,0.005806253955200432,1
139861,-0.15667891419937868,0.6454752214373188,0.9244700890002722,4.691464345878307e-05,3
139931,0.5807164324473355,0.06102579877474739,0.7302794069528913,0.01071082245567444,1
139940,0.6872598993389435,0.019456814277043103,0.9902647085939511,5.115876701864492e-09,1
139959,0.17505196373699217,0.606681499424188,0.9740538671436778,4.1165039163810803e-07,1
140340,-0.40014904259613354,0.22267989756474912,-0.14288669775119356,0.6751333824831489,4
140447,0.6720477543641108,0.02350564340962776,0.925482065322313,4.421748801918652e-05,1
140960,0.6102138587921246,0.04618163546034299,0.9135120725309458,8.492716257924982e-05,1
140988,1.3877787807814457e-17,0.9999999999999998,0.5254234189038892,0.09694855235342731,1
141264,0.2758121120024532,0.4116790564309792,0.8807850860661901,0.0003428258859370632,1
141334,0.0918656743267495,0.7882100356314209,0.8897810370635093,0.0002441083866436006,1
141565,0.22498149404967693,0.5059749091998916,0.873666414638413,0.00044033408710429325,1
141574,0.6421466640813916,0.03314577573638263,0.9220703191062916,5.381457313859576e-05,1
141644,0.10424895442569773,0.7603390126286158,0.6012484042743197,0.05039620745998613,1
142115,0.4734189008101598,0.14133507346081456,0.9840271681927082,4.706206447086136e-08,1
142276,0.49474869843498326,0.1218285330042621,0.9596767610983463,2.931897761655956e-06,1
142285,0.3261430722801753,0.32766665543527823,0.9557870243911066,4.412307706426863e-06,1
142328,-0.3389972890042916,0.3078105667069353,0.738109915708191,0.009498246107353826,3
142461,0.020375762729699695,0.9525839273488923,0.7223270123656281,0.012053437131570852,1
142522,-0.3182612630697303,0.3401703228345339,-0.5209386191283047,0.10035762220311713,4
143084,0.5539834557927102,0.07701446384544144,0.8787287639072682,0.0003691114675206812,1
143118,0.32277756721458667,0.3329753286328772,0.9630034696471048,1.9997371648990084e-06,1
143358,0.2298742037222643,0.4965159850064989,0.8607901032945438,0.0006684064833503769,1
144005,0.15625053765308095,0.6463896977240889,0.7221138642462095,0.012091017860729903,1
144050,0.7389383159226486,0.009376092452562013,0.7467035828852204,0.008285969355255537,1
144351,-0.22674312738213084,0.5025602534178091,0.823429625852255,0.001840675544020391,3
144740,0.47350218741790795,0.14125531252664933,0.8850968523871328,0.000292336372364443,1
144883,0.308631262108587,0.3557818865230217,0.45581888134310455,0.15882995048382403,1
144892,0.2254233343342068,0.5051175285088824,0.9623626305656814,2.158395301911981e-06,1
144962,0.27773273195545634,0.4082958940784009,0.9542142578115189,5.15208951132443e-06,1
145336,-0.011276055157038868,0.9737508758155873,0.9575027926688384,3.7016740492660203e-06,3
145600,0.6286952680640745,0.038272683253114316,0.9865897277587403,2.150422499216655e-08,1
145619,0.4521675689979517,0.16261989732315646,0.9667457323720432,1.244284430413246e-06,1
145637,0.38658811421983474,0.24020971273062816,0.9458730487754041,1.080868634072145e-05,1
145691,0.3296158620900295,0.3222364003523452,0.6053739786302692,0.048425373759068434,1
145725,0.5875506589906212,0.057333170625553966,0.923646821657572,4.920035503545791e-05,1
145813,0.6788755872088874,0.021620947211118225,0.9739204614064905,4.2117972776867936e-07,1
146427,0.7640363546817355,0.006189616503527019,0.7482385212636012,0.008081964428183657,1
146481,0.4935911057353882,0.12284009905280227,0.7503697943269766,0.007804816370328407,1
146612,0.5494877979373476,0.07995246197829696,0.9441125548966127,1.2451118135958208e-05,1
146719,0.31127534665281775,0.351459068433418,0.8425954398275806,0.001130133360173966,1
147013,-0.08690162136090494,0.7994473485349703,0.7517618960134114,0.007627580971994084,3
147341,0.10816840970588222,0.7515689622822507,0.5997839992771656,0.05110880018130379,1
147660,-0.15843587678361634,0.6417291659351222,0.962811405337858,2.046309288492785e-06,3
147703,0.6257264240557947,0.039474362055416476,0.9892134656455105,8.10330609892353e-09,1
147767,0.6169843544876685,0.04316460633876369,0.9240055428632101,4.819415885736229e-05,1
147776,0.8727332537973657,0.00045452300597533353,0.9555436723900079,4.521048846755173e-06,1
147828,-0.0554540255754926,0.8713535457933679,0.746085362550307,0.0083691878071676,3
148131,-0.27850670082547746,0.4069364104093182,0.07370460894511832,0.8294833691584015,3
148487,0.7672816521372902,0.0058453149010889854,0.9571423319675513,3.8430589950444185e-06,1
148496,0.731007893762025,0.01059351746996228,0.9629237741812748,2.0189613976998433e-06,1
148584,0.33758862864905764,0.3099538893960266,0.9699619784781612,7.909540743531387e-07,1
148627,0.8039281232049693,0.002862134152659483,0.9694751939011781,8.496934302763905e-07,1
148654,0.8202242550762088,0.00198610757650968,0.8799213808517325,0.0003536872865006797,1
149222,0.8331397361316804,0.0014483842519885748,0.9734640614211113,4.550784945000907e-07,1
149231,0.6607231424739557,0.02688399171805161,0.8834645386914373,0.0003107348472851891,1
149772,0.1220778937188477,0.7206638925872192,0.9530119361714227,5.779368641650027e-06,1
149781,0.49999999999999994,0.1173068030142382,0.8400734771011922,0.0012092822641442808,1
150066,-0.19458571122764579,0.5664155702372307,0.18943964299455057,0.576920514343158,3
150136,0.8300320428712372,0.0015663404751513124,0.9699384596747679,7.937176752753184e-07,1
150163,0.412065522930907,0.2079156139411162,0.7441214829128301,0.008637592917552932,1
150400,0.623770003372833,0.040280421315241594,0.6507742107966478,0.030122944284312638,1
150455,-0.09128206292735731,0.7895293411952703,0.6997499794186137,0.016526188483518056,3
150604,0.378632845720504,0.25085316198297036,0.3680024062464331,0.2654895785329997,1
150668,0.3,0.3700831222820675,0.8928596567591565,0.00021588027703048186,1
150756,0.029111125486979084,0.9322901708262612,0.5050108675041401,0.11309417341585053,1
151102,0.32229024524514294,0.33374777503072056,0.8940361853035362,0.0002057762531739152,1
151111,0.6784533579636406,0.02173426543236738,0.9801973956858006,1.2311337378873413e-07,1
151263,0.5604916978834088,0.07289030679706639,0.8720291907383627,0.00046545548193276635,1
151290,0.5023462158175245,0.11532197510765563,0.8727211727668099,0.00045470894103777273,1
151306,0.3897645908533207,0.23603414342998189,0.8921100214953684,0.00022251214646514471,1
151324,0.3006408869310123,0.3690112897158574,0.8340275737187595,0.001415943011416784,1
151333,0.49158201603235596,0.12460848480118028,0.9064994111298592,0.0001193711948600821,1
151342,0.5010409360523289,0.1164235098054021,0.9308052883203929,3.1926385309135996e-05,1
151351,0.9052655108959597,0.00012639397347845663,0.971327004857716,6.428613437308585e-07,1
151360,0.49173032502822817,0.1244773911850603,0.937825392312855,1.993220553915803e-05,1
151379,-0.579316591549555,0.06180156299630573,0.534169427186684,0.09052073930653957,3
151801,-0.28274545853577804,0.39953049349967773,0.6828454066537744,0.020575991259654834,3
152080,0.5347185168327269,0.09012683038242231,0.5254166247942229,0.09695365858599736,1
152318,0.3032699901197435,0.3646309616567479,0.7721043184331887,0.005359945496552588,1
152530,0.51022429363018,0.1088163116865028,0.6602462902227852,0.027033352223142668,1
152567,-0.4426899866571765,0.1727164315995245,0.8449376466524248,0.001060172588696678,3
152600,0.587776360895529,0.057213883628822036,0.9452968926843874,1.1326615455289828e-05,1
153001,-0.5489851606834428,0.0802855119833368,0.08993950070620839,0.7925662014429551,3
153108,0.7342474074892813,0.01008313976757378,0.8055057053736663,0.002766683396810156,1
153126,-0.35071112959597833,0.2903015801124114,0.774963319088994,0.005086605719433366,3
153144,0.517114004220628,0.10332597184542262,0.9424354818730378,1.4188148574334566e-05,1
153162,-0.1325111119575652,0.6977237912558334,0.3651829859842333,0.26945061802461195,3
153250,0.6731250590586739,0.02320081188193756,0.8465016883816355,0.0010153032123509558,1
153269,0.3209262278570195,0.33591489724590096,0.7246536621179368,0.011648696690321437,1
153278,0.41422331041858906,0.20530619989047746,0.6234745464386092,0.040403136264836374,1
153302,0.3999999999999999,0.22286835013351997,0.15938522465265464,0.63970815025623,1
153366,0.03401356127254579,0.9209160994662113,0.7513204679337172,0.007683459377136234,1
153375,0.1,0.7698749998921364,0.8681455292562472,0.000529381053779784,1
153384,0.15591911543411496,0.647097502346995,0.4399605254905001,0.1756937332433568,1
153603,0.6606469350110429,0.026907822349133265,0.9388651671236073,1.850366173930815e-05,1
153658,0.11493936408337913,0.7364809484823979,0.966062884510688,1.3621143845537742e-06,1
153825,-0.16349849372756275,0.6309771389483846,0.8949358802447164,0.00019829573228991368,3
153834,0.6944566576321601,0.01772647759618528,0.5012633909369038,0.11623530147869474,1
154095,-0.15923722969007212,0.6400230646356895,0.9065131233180377,0.000119294863782305,3
154235,0.6918858227787676,0.01833138846084116,0.8258080783248313,0.0017380203782115936,1
154350,0.37538599534048234,0.255273428194514,0.7487676689618505,0.008012494625075669,1
154493,0.3397976559061419,0.3065963810223841,0.7658587212088093,0.005994496392761154,1
154527,-0.19999999999999996,0.5554454421055853,0.7758461752415213,0.005004313942923475,3
154688,-0.2794782784191072,0.405232970947518,0.7826998839508706,0.004398425523376466,3
155025,0.2515793488305632,0.45551439314686193,0.40785706521998966,0.2130614028528082,1
155061,0.4200963615292006,0.19830334404816247,0.9478879937697428,9.139243139592588e-06,1
155089,0.5080927755319313,0.11055242486497784,0.6231431729723895,0.040541077085359256,1
155317,0.7255245387810516,0.011499763381979005,0.9589963820756385,3.1580549317774327e-06,1
155335,0.5217491947499509,0.09973576000996555,0.7631501473101597,0.006286168861082619,1
155399,0.5651657159398503,0.07002158568211969,0.9387272011733245,1.8688538360526092e-05,1
155414,-0.05550846186920409,0.8712281668890992,0.555064783062203,0.07631871054718592,3
155681,0.11185092713435091,0.7433530195583826,0.8123465248684613,0.002379913279513375,1
155900,0.09806795908730567,0.7742206652033149,0.6469346322880809,0.031443198042412336,1
156082,0.7692502557688923,0.0056434463046089334,0.8468223974954576,0.0010062820246246628,1
156286,0.07826237921249266,0.8190848716110507,0.5745500041887108,0.06449318235603868,1
156295,0.5655088063742351,0.06981405043726516,0.8907314140188001,0.000235111755304415,1
156408,0.04032783909667585,0.9062862757400983,0.761971594048241,0.00641627902292402,1
156620,0.11075088303030904,0.7458048160608699,0.7392030321710673,0.009337300362459507,1
157058,0.7089567870475826,0.014579131510090724,0.7620750226750684,0.006404782299673691,1
157085,0.34343538275680463,0.30111074334668386,0.9831882533335414,5.918139910379659e-08,1
157386,0.1549328638849743,0.6492053493950151,0.8087276019241427,0.002579119892305835,1
157401,-0.035119185017854174,0.9183527254301651,0.8046571001802301,0.002817728619634897,3
157447,0.3922664040061584,0.23277532201752793,0.9064898476776095,0.00011942445339809895,1
157818,0.7971953098149474,0.003297248288373106,0.45108864897021894,0.16375039141127193,1
157951,0.5754999482327664,0.06395055922215556,0.8993792556081761,0.00016433698607668207,1
159009,0.347670244150146,0.29479282285884645,0.7539956349288373,0.00734936673341438,1
159391,0.4947879162198731,0.1217943562557852,0.974759155700638,3.640088303036882e-07,1
159416,-0.41527097564794513,0.20404633819112356,-0.07731859201022721,0.8212360173079474,4
159647,0.319041452631761,0.3389215887088237,0.8021939178277474,0.0029698621591574595,1
159717,-0.19999999999999996,0.5554454421055853,0.8863299430278727,0.00027899560073108725,3
159939,0.22516532193345629,0.5056181190938634,0.9446791914618884,1.190288814570519e-05,1
160038,0.48865045629722664,0.12721788855415164,0.8730391363992895,0.000449834419332188,1
160612,0.7555364268071599,0.007161837310903146,0.8995134669938276,0.000163385508546659,1
160621,-0.16566307331251645,0.6263993647952839,0.10748475437268444,0.7530968199989703,3
160658,0.6650500555502381,0.025555227742820943,0.9249062886869588,4.5737052964110913e-05,1
160755,0.3274587171294049,0.3256037319518571,0.7962031451066434,0.0033652874389166897,1
160904,-0.27309767282448216,0.4164837165229826,0.18554634089060515,0.5849177910555984,3
161004,-0.37109568854216685,0.2611819083447608,-0.0605296402569767,0.8596750498093707,4
161086,0.7887110641088282,0.003913204647160499,0.9111449351165416,9.556417258104563e-05,1
161217,0.7912296767751681,0.003722157101553199,0.734902361096593,0.009982166618206209,1
161226,-0.19999999999999993,0.5554454421055853,0.5495451789382609,0.07991449963394996,3
161253,0.4999999999999999,0.11730680301423828,0.9445523605531754,1.2023952836257967e-05,1
161554,0.25904804581367535,0.44178024645273944,0.6823107236032346,0.02071459062601294,1
161563,0.14151024312044672,0.6781169309466594,0.42190950501481056,0.19617077086311976,1
161873,-0.6541204766485724,0.02900451631878773,0.7645654667053348,0.006132491378664776,3
162007,0.14291107742821207,0.675080575721342,0.9442667969767207,1.2300001542852777e-05,1
162061,0.2801356728825412,0.40408236954611265,0.30508561350284413,0.3616216277254403,1
162210,0.28564434056189375,0.39450426772272756,0.7882349921923293,0.003950116315441974,1
162584,0.21031602008886569,0.5347840288452036,0.5890275110902875,0.05655569548545412,1
162654,0.2602179193281132,0.43964681033735037,0.7700992785418594,0.005557985847295396,1
162760,0.02844852931523833,0.9338283657890301,0.8256879888608898,0.0017430983684636014,1
162928,-0.02484318823539447,0.9422014827093633,0.9122191050243248,9.061830811822328e-05,3
163046,0.5457748957014226,0.08243444314797645,0.7935790845126244,0.003550253865136412,1
163204,0.9032029113694314,0.00013883218357963918,0.9438174022755121,1.2744268650433348e-05,1
163268,0.6425349941367421,0.03300533683361218,0.9320689235965771,2.9439897797311467e-05,1
163286,0.8345030680597775,0.0013987942483630704,0.9443642392998637,1.220526372810497e-05,1
163338,0.3999999999999999,0.22286835013351997,0.5960024407198703,0.05298081777455165,1
163453,0.06648639383737952,0.84600140881419,0.2543573920717726,0.45038297735561744,1
163462,0.2628281679599802,0.4349042177879695,0.7886824652562292,0.003915414791809142,1
163851,0.2310527103884618,0.4942492703796119,0.3126903097292273,0.3491570275853104,1
163912,0.4863173599680035,0.12931931629354876,0.7049857749590385,0.015397439173410589,1
164076,0.8688096433286554,0.0005180054406680807,0.9927858690823266,1.3327557803866057e-09,1
164155,-0.03888441111442606,0.9096284619691171,-0.03957131721194604,0.9080377978045716,4
164173,0.4990492549302307,0.1181173222596158,0.9559981334967411,4.319618163734918e-06,1
164216,0.4530761962245389,0.16167159267252432,0.8848086700816323,0.00029552283282542125,1
164270,-0.2839525861217844,0.3974336848659827,0.5799211804518841,0.06146569654473667,3
164465,0.514827500389396,0.10512759191985967,0.7934269775075677,0.003561201658964767,1
164562,-0.042102295833523595,0.9021794826424414,0.7316961557631835,0.010483549101434179,3
164739,0.7595366045903328,0.006691341179991125,0.6364829260494967,0.03524186362371059,1
164924,-0.0466029221575283,0.8917731098545072,0.5406018542098516,0.08597702245056321,3
164988,0.8249529448009109,0.0017744219569544226,0.944391194035508,1.2179156532194107e-05,1
165015,0.8253855815104869,0.0017559348308395393,0.6622699214078591,0.026403516691014102,1
165024,0.20726379908936993,0.5408637872694978,0.9574549068574167,3.7202215918178887e-06,1
165334,0.1795405654863177,0.5973364147959423,0.7827518080502571,0.004394053170281286,1
165529,-0.13738048343525855,0.6870932170064421,0.9068366128443506,0.0001175048873627931,3
165699,0.3101319367330913,0.3533250641133864,0.6900455142568233,0.018773376922906225,1
165820,-0.2628631876302175,0.4348407556724841,0.8734649340349643,0.0004433688469632471,3
165866,0.28864871703484685,0.3893285018899111,0.9482291887251407,8.877463380273246e-06,1
165936,0.649241052478282,0.030645360042748707,0.7781429637084548,0.004794825729311899,1
166018,0.14596541003014937,0.6684753093349973,0.7584501132224333,0.006816821785735984,1
166027,0.7328599310982984,0.010299493714011503,0.8693605859649877,0.000508709484249495,1
166513,0.5653336437762777,0.06991995446718294,0.9180374944481735,6.713061682042962e-05,1
166629,-0.21643531235710306,0.5226811478361667,0.8573459620356105,0.0007422385156739402,3
166638,-0.011882238308862814,0.9723402167995184,0.9828305737902605,6.50286353944455e-08,3
166683,0.3360176691869218,0.31235367035695166,0.4317388628202685,0.18485059914285737,1
166850,-0.3101892675718705,0.35323138037826546,0.3344043222794418,0.31482862771020087,3
166939,0.29999999999999993,0.37008312228206774,0.20290052956589338,0.5496039249657073,1
167288,0.4243809663855017,0.19328620184139245,0.9335463900075595,2.6724156859699387e-05,1
167358,0.5112708375190367,0.10797041605479496,0.9478365558536652,9.179218436159497e-06,1
167394,0.023677408297093916,0.944910074501518,0.5345945328140851,0.09021567571683987,1
167729,-0.5543975705240484,0.0767475136609046,0.94883346637728,8.428040618443987e-06,3
167792,0.1,0.7698749998921364,-0.11524394861377046,0.7358041476626118,2
167835,0.09216894397492259,0.7875246645029487,0.868624918798107,0.0005211508411466089,1
167987,0.5603480732784085,0.07297968450214644,0.9112496991036444,9.507293124089845e-05,1
167996,0.38479365608182037,0.24258732994998322,0.3432886305756892,0.3013309971177953,1
168005,0.31498720541667397,0.3454369511055848,0.8504348136897767,0.0009087792195315281,1
168148,0.5891770162870291,0.05647739257102552,0.4553298459063385,0.15933434199553018,1
168218,0.6587174452431934,0.027516168198331758,0.5897156198952537,0.05619591308053975,1
168227,0.2403522239561498,0.4765240602099317,0.6923902853607729,0.018211542738351988,1
168254,0.5817274255819544,0.060469652259178865,0.5658042774123103,0.06963565192665719,1
168263,0.07190039977743262,0.8336065333558085,0.9121428220152009,9.096294501612167e-05,1
168281,-0.18576368517080802,0.5844702282882209,0.7610796742105084,0.006516050553131475,3
168342,0.19493600560348223,0.5657032492801353,0.7491510664917145,0.007962433030666183,1
168421,0.7305894614716033,0.010660781141277817,0.7997901434979169,0.003124128040259699,1
168430,0.168466788530245,0.6204874705927499,0.854453231603905,0.0008088653510664984,1
168740,0.09595430439648918,0.7789814938507756,0.34978922442654975,0.2916591734755293,1
168786,-0.59548402748845,0.05324105492781759,0.7779704904839312,0.004810328181131604,3
168847,0.002622315515025994,0.9938947492088627,0.2830397264044565,0.3990188403442073,1
169080,0.46045434223687853,0.15409817444561794,0.9046850688444199,0.00012980454109793221,1
169248,0.3940769726371828,0.2304333394390355,0.9394117212791585,1.7785043160407004e-05,1
169479,-0.24840413459338084,0.461412332947188,0.47722913855176924,0.13771514240123792,3
169798,0.5732137296235987,0.06526173878022008,0.9556416880436949,4.477005167705292e-06,1
169910,0.39492060099372206,0.22934681559014042,0.9726176938058919,5.234976319411325e-07,1
169983,0.46689213298779036,0.1476739755673202,0.6997148934852659,0.016533946782666353,1
170082,-0.1995156090717067,0.5564234010731495,0.9214461199175263,5.5730307749705246e-05,3
170301,0.4732561904067928,0.1414909779154728,0.8422656100366118,0.0011402569301758503,1
170532,0.2629054360461984,0.4347641995800266,0.7956846222287468,0.003401257320559441,1
170639,-0.10517579047791781,0.7582628270702229,0.4565195516969714,0.1581090081457993,3
170675,0.022232448153536352,0.948268042040052,0.634792114375074,0.03588513056898787,1
170806,0.5595028849441882,0.07350713411673622,0.42797780506834426,0.1891340877253006,1
170976,0.0006194599518832555,0.998557768129794,0.624370647469539,0.04003174783939298,1
171100,0.4377838100916931,0.1780904566654185,0.9812383427974762,9.670016520112186e-08,1
171128,-0.25029631336081437,0.4578934133484443,-0.3754897044269894,0.25513155607026883,4
171137,0.2661131944450179,0.4289703120784522,0.7821405641093757,0.0044457279228048326,1
171146,-0.3822671949141733,0.2459577638157065,0.6571109354939448,0.028030030685728898,3
171456,0.3738423816460653,0.25739038291186106,0.8875355782336768,0.00026640404874313294,1
171492,0.009112307643704243,0.9787866942745757,0.765365854255139,0.006046815200696147,1
171571,0.7228361498900266,0.011964011857232571,0.9814751532059579,9.135891490936341e-08,1
172051,0.06194743613174386,0.8564172496937588,0.8602121583988441,0.0006803907877616148,1
172264,-0.17494327147562397,0.6069084562934343,0.6621708668843336,0.026434102746824957,3
172608,-0.36831977423423484,0.2650457780495113,0.6167550533516798,0.04326449210201052,3
172644,0.13156907238505072,0.6997861121719865,0.9037649228499522,0.00013535447646417683,1
172699,0.12281513417400666,0.7190358396519758,0.8712618234535137,0.00047759639297826603,1
173045,0.3573783706620396,0.2805877510595699,0.8370562448507978,0.0013093611638196642,1
173124,0.6454972243679027,0.03194773270349661,0.5144753806802617,0.10540684306645749,1
173160,0.4999999999999999,0.11730680301423828,0.8486282539951018,0.0009566055940233055,1
173258,-0.07178249529782627,0.8338761128564707,0.7159354937666109,0.013217607012504495,3
173647,0.43759135435145935,0.17830331987396347,0.9474470712326156,9.486296199602016e-06,1
173902,0.7996633498503011,0.0031324269859336717,0.5468503274612134,0.08171035046524451,1
173920,0.625236637102571,0.0396750969377759,0.8907572036492682,0.00023487118821035116,1
174020,-0.1950149404087805,0.5655427847853639,0.8142175997581376,0.0022815337756281677,3
174066,0.6146529490030815,0.0441876478765274,0.9056942420244685,0.00012391905929976522,1
174233,0.5672346146641718,0.06877638132521147,0.8695158512361473,0.0005061126651300534,1
174251,0.48941486055492467,0.12653415643321578,0.8369658297990568,0.0013124529374263169,1
174358,-0.07470533651841718,0.827198060852022,0.862624667727571,0.0006314182430167981,3
174783,0.06290083834450486,0.8542276571509545,0.8879887950368215,0.0002617841453795713,1
174792,0.1569104587231876,0.6449811153261963,0.8576832197394925,0.0007347491708739525,1
174817,0.2840187787218772,0.3973188647197961,0.9210589508279979,5.694453433617533e-05,1
174844,0.4381267015296686,0.17771159068108625,0.8902464595379616,0.00023967042484648407,1
174899,0.4059617035407366,0.21540330780798075,0.8286638170943786,0.0016204925352921453,1
174914,0.10991035627263696,0.7476796243621683,0.4506709404650576,0.16418936801398876,1
175078,-6.938893903907228e-18,0.9999999999999998,0.6480052084261045,0.03107107366987574,3
175272,0.15869485774914932,0.6411776181752794,0.9222879659946491,5.315859379597099e-05,1
175856,0.19999999999999996,0.5554454421055853,0.4013328597411351,0.22118638061301135,1
176017,-0.43112829576291256,0.185541934633182,0.9566875246705571,4.027353216239946e-06,3
176053,0.07489037752971554,0.826775623789643,0.888239139708157,0.00025925848272940355,1
176080,-0.027238901277300845,0.9366369976184334,0.22363083812849002,0.5085997194428117,3
176372,0.3519616649127032,0.28846564022526966,0.6733860934755478,0.023127374616049825,1
176628,0.21677244119614442,0.5220177484106312,0.7715838878213328,0.005410841729781355,1
176947,0.4999999999999999,0.11730680301423828,0.852632607239226,0.0008530485518206467,1
176965,0.5592168448616334,0.07368621753505891,0.9428708444216648,1.3720361652478922e-05,1
177065,-0.10543320640978465,0.7576864487561173,0.9809093175570658,1.0451949834492719e-07,3
177339,-0.22479897839686155,0.5063292600610683,0.5201865377862667,0.10093686913536382,3
177542,-0.29999999999999993,0.37008312228206774,0.2285759535861074,0.4990182697001694,3
177940,0.4999999999999999,0.11730680301423828,0.2722605447862456,0.4179709231083959,1
177968,-0.04438626336226409,0.8968966592021641,0.5456159253314913,0.08254183884568808,3
178341,0.585689213467424,0.05832343689778711,0.9391969990154108,1.8064756432254313e-05,1
178369,0.24386619319468483,0.4699018753393114,0.8176374597950862,0.002109594212891721,1
178387,0.13309165093532843,0.6964537828125856,0.17855895553968798,0.5993754854882052,1
178396,-0.0014274514769128666,0.9966766018778819,0.9011547842872081,0.00015208575646533413,3
178402,0.399111847712406,0.22399329012384223,0.931923250349812,2.9718697954338055e-05,1
178411,0.5881797778090087,0.0570010926960643,0.7032468153301603,0.015765979904976687,1
178420,0.23862790717541071,0.47978886050770964,0.7801159775569932,0.004620095012184776,1
178615,-0.26353946835024683,0.43361607195574603,0.04414817437886337,0.8974471876781269,3
178624,0.5818578040287066,0.06039818251938021,0.6564514701090048,0.02824291374658165,1
178721,-0.127869325434265,0.7079031421398525,0.6626282584131911,0.02629307818453482,3
179159,0.5069098707277,0.11152358694025817,0.6814326932285362,0.020943632692460603,1
179326,0.3973739348692041,0.22620416155532977,0.7274029522846825,0.011183229031135077,1
179557,0.23523151501012154,0.4862487080762995,0.5795165011827509,0.06169037015841067,1
179566,0.2841726992227759,0.39705193203962863,0.8899326920096189,0.00024265550212093794,1
179867,0.5277943474495866,0.09517738731263974,0.9120451237026002,9.140579525241777e-05,1
179894,0.4727521641903144,0.14197460901740833,0.8510090414206458,0.0008939612669325398,1
179946,0.3999999999999999,0.22286835013351997,0.4704775097553304,0.14417016512935266,1
180106,0.05277593965602512,0.8775250044035496,0.636737759334398,0.03514561584343796,1
180416,-0.23694709008055714,0.48298091133342735,0.13097999798332985,0.7010766452196878,3
180461,0.43677066333139075,0.17921277755387566,0.86697899852723,0.0005498187562539758,1
180489,0.48932485102592044,0.126614544589621,0.5672699734938627,0.06875523047446679,1
180595,-0.023073679291635396,0.9463129956030863,0.5555151066375731,0.07603020386611754,3
180814,0.4147310720551743,0.20469501710051854,0.4395250610739974,0.1761716233112415,1
180984,0.48380863619842185,0.13160345185454525,0.7903340731413515,0.0037892824993883377,1
181002,0.2797729912619589,0.4047169524869654,0.8000200837470672,0.0031091195573454745,1
181020,0.29634501418153836,0.37622606603018793,0.5959310532913583,0.05301660162811248,1
181215,0.7985520551866424,0.0032058658985018042,0.9191827992533953,6.311806806640854e-05,1
181394,-0.27078848066197386,0.4205923483518933,0.8062324306639015,0.0027235188292416405,3
181464,0.3679058796800164,0.2656246424541645,0.9141384235239666,8.227050689143502e-05,1
181534,0.5260791606812021,0.09645654721908721,0.8439470904207277,0.0010893504579323882,1
181738,0.36869243763251164,0.2645251897331735,0.946935102498712,9.90190483041571e-06,1
181783,0.1941728875955293,0.5672554974985111,0.9257868687797426,4.342889355728299e-05,1
182281,0.6459727557016078,0.031780196031753936,0.9866798640776708,2.0864111993632228e-08,1
182290,0.10214492141716108,0.7650574643577049,0.9782724851914962,1.863776167178853e-07,1
182306,-0.2616279760670914,0.4370818396972729,0.6408022529231496,0.03363521063404266,3
182670,-0.15057410398485074,0.6585485279424937,0.7031771783225947,0.015780868880839353,3
182980,-0.09452818620490595,0.7821975703150555,0.7361425320301498,0.009792987863726248,3
183026,0.7973509207110114,0.0032866703482826317,0.9461943026788298,1.0527928556598598e-05,1
183044,-0.0885384096687867,0.7957382133074646,0.5485988118737678,0.08054213540915899,3
183062,0.33437095587193155,0.31487992487457633,0.8262062587613436,0.0017212624239639534,1
183071,-0.24761482263092344,0.46288388812986114,0.6761820921132924,0.022351088336155518,3
183080,-0.1326970081098317,0.6973170420704615,0.23857828847599383,0.47988295600902997,3
183239,0.0787155080256852,0.8180524654972333,0.5633201761359654,0.0711450687187947,1
183822,0.39298227410959613,0.23184768932242458,0.8511372389161418,0.0008906781237698265,1
184348,-0.36781315282122634,0.2657544262428583,0.20864692258951534,0.5381052127657908,3
184603,0.7029338140811837,0.015832981534877173,0.8974527365900014,0.00017846569289159828,1
184612,0.6932377055403238,0.018011483406523882,0.8864726696524332,0.00027748185391782165,1
184782,0.741412997798998,0.009017991604522251,0.9444260789591199,1.2145432311808982e-05,1
185129,-0.04719130217331649,0.8904137539631247,0.812950219605199,0.002347832918283162,3
185262,-0.449687657401071,0.16522558428862727,0.9708631331272193,6.905414644190209e-07,3
185572,0.18171490752707112,0.592828982228065,0.9581417547244012,3.460944844301545e-06,1
185590,0.27000058831809093,0.4219986623862927,0.9595524911847955,2.972241040078804e-06,1
185828,-0.10372218456519226,0.7615196522015817,0.46841098068685183,0.1461832326898661,3
186201,0.23732098003993862,0.48227003620756526,0.9031096100878476,0.00013941605978405185,1
186283,0.41281654996023415,0.2070051686413317,0.973929670439293,4.205164817204734e-07,1
186371,0.5082664190353785,0.1104103264609563,0.9745556589852661,3.7729161404634445e-07,1
186380,0.2709767014531036,0.4202567268436599,0.9734888391534053,4.531856875636943e-07,1
186399,0.203787867024365,0.5478218627873126,0.8519765782174503,0.0008694063718930358,1
186432,0.621930121712971,0.04104882066104061,0.9264683084214429,4.170485436051998e-05,1
186867,-0.0851797840718776,0.8033532307529836,0.1976177670266509,0.5602616692116813,3
186876,0.8828527936220774,0.0003178517019437551,0.9452092290099698,1.1407063949508382e-05,1
187134,0.6860448210084514,0.01976041973210208,0.9304624905112184,3.262788746679841e-05,1
187444,0.5203358760524602,0.1008216767324496,0.9799448861066857,1.3028959668174143e-07,1
187648,0.2531988203956506,0.452519734557825,0.9548728884695044,4.831508818054177e-06,1
187897,0.8427925181050426,0.0011241166932993507,0.5653824689307305,0.06989042372794403,1
187967,0.5814715172585071,0.06061010074267956,0.8012900611771618,0.003027188685352394,1
187985,0.7146603052604107,0.013459238774328024,0.9833624948389175,5.648503550544255e-08,1
188030,0.8018766647183553,0.002989891052664837,0.9714185975241781,6.337559033198575e-07,1
188429,0.2960283114523971,0.3767607676378541,0.9368297356871628,2.137813376231476e-05,1
189097,0.47932600023798727,0.13574826895238065,0.5134199804960097,0.10624672447966024,1
189705,1.3877787807814457e-17,0.9999999999999998,0.7940755708394572,0.003514693103694922,1
190044,-0.03078470648565168,0.9284059444072822,0.4449204930691245,0.17030652630702284,3
190099,0.01786204378850753,0.9584288967848758,0.6629211174332137,0.02620306249669496,1
190150,0.19590733000916175,0.56372992097335,0.1308882412616445,0.7012777280356868,1
190415,0.2606710198302069,0.43882182288070964,0.9604817703792702,2.68068817142645e-06,1
190512,-0.262251239995275,0.43595034986311304,0.9314263197615501,3.068503336895726e-05,3
190549,0.4757995931531465,0.13906633953101402,0.9647321293997386,1.616384381970944e-06,1
190558,0.5522273869472554,0.0781533631831319,0.9537309836998062,5.3975623347457945e-06,1
190567,-0.219995354173767,0.5156937556862508,0.9717240977636296,6.041047322194346e-07,3
190594,0.6961352112740159,0.017339315343701617,0.9742817097618904,3.957620469025473e-07,1
190600,-0.37503282213521266,0.25575690027253584,0.9589278283042442,3.18156710092391e-06,3
190637,-0.19128577377525072,0.5731432402076087,0.8120988030646364,0.00239317128025436,3
190646,0.4052130924876819,0.21633246416485832,0.9613761235339924,2.4214381134840098e-06,1
190655,0.18052151210302342,0.5953013170614395,0.9240051916437009,4.8195136236082584e-05,1
190664,0.6597946508401132,0.027175354636878306,0.8925297897372543,0.00021877974281077058,1
190691,0.17933502404456877,0.5977631656193899,0.9259537896280987,4.300162567596408e-05,1
190761,-0.2680889488985141,0.425420148232183,0.8539164217853922,0.0008217090252436726,3
191241,-0.36516175886053814,0.2694805658148454,0.517614643984184,0.10293420296060608,3
191515,0.32694459556635264,0.32640904410407195,0.7706775229855682,0.0055003287865067986,1
191533,-0.05042690587390042,0.8829432392512588,0.6285986410934441,0.038311388443825256,3
191621,0.19999999999999998,0.5554454421055853,0.5814853481251778,0.06060250438594837,1
191630,-0.21815036025285497,0.5193099959547124,-0.1507403356582136,0.6581913890038857,4
191649,0.001641869424639883,0.99617739610678,0.794996640795141,0.0034494215615909316,1
191931,-0.3407005834381651,0.3052297408419396,0.9502928536471097,7.414797273415978e-06,3
191968,0.07171346184920196,0.834033959966751,0.8884407352740304,0.000257238132721278,1
192448,0.22648455856068386,0.50306082142994,0.8431450195950029,0.001113415119316911,1
192703,0.3333830235823295,0.31640080482674693,0.9310856273253446,3.136134968894669e-05,1
192819,0.6477209324746404,0.031169582836669023,0.8046214992059771,0.0028198852741784285,1
193016,0.2556541987774674,0.44799685704766795,0.918090162178674,6.69419253608435e-05,1
193292,-0.12380215310573822,0.7168578400082309,0.90954058723531,0.00010333206208097566,3
193308,-0.9173089872689283,6.978260455728095e-05,-0.5395241245698654,0.08672754033054275,4
193353,-0.33328947754886434,0.3165450197724527,0.7876971064370286,0.003992129842553366,3
193900,0.47575590415764896,0.1391077653916544,0.9800445800873103,1.2741865643216908e-07,1
193973,0.3559875373914894,0.282598968559071,0.86670723739481,0.000554664494649589,1
194091,0.30176918947027925,0.36712815330989157,0.8421837475182873,0.0011427800799031773,1
194310,0.266413485243983,0.4284298204786448,-0.11035900210916817,0.7466787593744473,2
194824,0.5849809977632919,0.05870323428072416,0.8295080009116208,0.001586918475135162,1
195003,0.7637169682352525,0.006224287288023448,0.9414975910816865,1.5237529254543493e-05,1
195030,0.36166884588773235,0.27443397999687785,0.7891394027601754,0.0038802125793955347,1
195128,0.16477377416981148,0.6282786838956146,0.8801579293280111,0.00035068702426307617,1
195164,0.4999999999999999,0.11730680301423828,0.7481656943141077,0.00809155991979159,1
195173,-0.02265115585969188,0.9472949201378623,0.7725008253912843,0.005321405723617985,3
195216,-0.29339916286962775,0.38121449685889275,0.38056256844857367,0.24824696416733977,3
195234,0.538583273455501,0.08738627040670709,0.48557338198810773,0.12999403785984412,1
195243,0.24418891623601235,0.4692957982139246,0.796842108025307,0.003321351527515171,1
195474,0.3028177473777529,0.3653825314556774,0.8947545777397198,0.0001997862453570551,1
195526,0.5019936188422467,0.11561886904847557,0.8963252840165241,0.00018715230644062873,1
195544,0.3977247457356498,0.2257568549588906,0.7706918200651705,0.005498908815485147,1
195720,0.3999999999999999,0.22286835013351997,0.31209143792936,0.3501303860428206,1
195809,-0.5315356406890017,0.09242595490458468,-0.7186781961565484,0.01270853367696886,4
196006,0.01543404876551507,0.9640762863666774,0.8162421319714289,0.0021785349112294623,1
196015,0.19243659886418527,0.5707934884767731,0.9220308013964301,5.393433986338392e-05,1
196033,0.1438856102107205,0.6729708012581719,0.40061977776322605,0.2220853051944902,1
196042,0.5178191225412312,0.10277446993770978,0.9362284940716046,2.228947086082036e-05,1
196051,0.43026257456197997,0.18652486243525038,0.5570119374352226,0.07507647656899295,1
196060,0.7544569030619982,0.007292853571815396,0.9709276058575325,6.837558580445099e-07,1
196079,0.6280828744928186,0.03851844605365323,0.9245967023970495,4.6570465529176124e-05,1
196088,-0.1388432321749033,0.6839096278243121,0.42813219499903776,0.1889570816277202,3
196097,0.17444045985516748,0.6079587666093892,0.9574183892548769,3.73441402295358e-06,1
196112,0.4771441935583799,0.1377951989668948,0.8768841477303737,0.00039396593908273413,1
196121,0.19915025449629387,0.5571614881858068,0.8987877602935723,0.00016858073547717552,1
196130,0.08163239161939165,0.8114129251942584,0.8974949846090717,0.0001781462708777098,1
196158,0.4993601269505026,0.11785190580676039,0.9541929510747975,5.1627270927452e-06,1
196176,0.5830123674059693,0.05976778442887086,0.9738765211749931,4.2435551437226886e-07,1
196185,0.4292863436829036,0.1876370404622583,0.9597422465585708,2.9108091772920835e-06,1
196194,0.40796784799182745,0.2129249885868605,0.9629529173544769,2.011914968627179e-06,1
196200,0.6607673099194891,0.02687018705652965,0.9788707534772279,1.645135141326653e-07,1
196237,-0.23625950125559655,0.48428943985864054,0.929007681403236,3.5737568500023777e-05,3
196246,0.047329300079281815,0.8900949705606438,0.9467948204551233,1.0018192603299135e-05,1
196413,-0.41248495090520854,0.20740686196396754,0.649414026515899,0.03058610395320873,3
196592,0.5426748574302678,0.08454552503462905,0.32462376857347297,0.330057555457064,1
196680,0.6438618347410647,0.03252863095980376,0.790894222190405,0.003747195386106064,1
196866,0.08052076849444578,0.8139419593591015,0.7839996339414842,0.00428994027701067,1
197036,0.2815653483341844,0.40158564273306424,0.25341117861212814,0.45212772995349787,1
197133,0.39809551634315793,0.22528466217319087,0.35909067081260415,0.278122672640632,1
197151,-0.09366004568328129,0.7841568397091169,0.42001178304100295,0.19840316123210755,3
197197,-0.10019941146003031,0.7694268072682144,0.7869085592786895,0.004054318427392176,3
197869,0.2334667776127822,0.4896203590702665,0.9813757577012785,9.357215688059821e-08,1
198136,0.6640814987810714,0.025848537774405177,0.8949222398778849,0.0001984075762684442,1
198419,0.6629383755298311,0.02619776470231233,0.8582018750509659,0.0007233430069373795,1
198464,0.6608348362857513,0.026849091172287752,0.963540831840204,1.8737758176015774e-06,1
198507,-0.3775519229794154,0.25231982857842394,0.6998485348857616,0.016504409597091995,3
198516,0.3063492190662654,0.35953481917553304,0.9580431834292618,3.4972703596528143e-06,1
198543,0.2602058081995453,0.43966887183058445,0.764492306837697,0.006140366865366121,1
198561,0.2010617813063776,0.5533041811395993,0.7296178468622723,0.010818164655431861,1
198613,0.5957247702514391,0.05312009651598292,0.8253040163208081,0.0017594091479052794,1
198695,-0.21517053486703008,0.5251731328318192,0.8632993595749676,0.000618211735981108,3
198756,0.31542924350506274,0.3447234126086512,0.3690493339933102,0.2640271699223453,1
198835,-0.07808026873539622,0.8194998638203309,0.7927542085548183,0.0036099239591614474,3
198899,-0.07453559924999295,0.8275855965776872,0.667403564703624,0.024852331537408557,3
198950,0.2101441979727393,0.5351255290357784,0.6383220039852112,0.03455137753252429,1
198969,0.5193026428333845,0.1016204231975213,0.7400817472313608,0.009209368974961458,1
199069,-0.27526511842256013,0.41264507447121385,0.9366003476039654,2.1722385845885837e-05,3
199102,0.5166886347836451,0.10365960137860948,0.901558153632264,0.00014940232964566992,1
199111,0.35593089334786354,0.28268104835872504,0.8066733529513651,0.0026975751640526268,1
199120,-0.029664762245697068,0.9310050807101438,-0.10761444165235377,0.7528069288982143,4
199139,0.6444417022106482,0.03232181955509701,0.9886893335470717,1.002451016850777e-08,1
199148,0.1682651793283484,0.6209119155872118,0.9080748643866189,0.0001108418943585107,1
199157,0.37632877139654586,0.25398538340396376,0.9518725797163443,6.426607199271186e-06,1
199193,0.1396661554571073,0.6821206064353453,0.9519841894586454,6.3608476186137184e-06,1
199209,0.6259921300622129,0.03936576045543218,0.8852581687953148,0.00029056410972623335,1
199218,0.20660402957939844,0.5421817079942645,0.8952232955848217,0.0001959502128062748,1
199281,0.1898166313119427,0.5761483949542007,0.7214790229676479,0.012203450750355862,1
199306,-0.30272467481030163,0.3655373046926419,0.8160023138904318,0.002190551031839414,3
199847,0.20136980884534816,0.5526836146156077,0.8373119283110239,0.0013006475498195803,1
199999,0.6694202731571357,0.024261007301736415,0.915420485382525,7.703108694786896e-05,1
200004,0.740517052923395,0.009146468214666562,0.9498445857437202,7.715440006270383e-06,1
200059,0.49153414378756455,0.12465081898178484,0.5891249373668338,0.056504660363675976,1
200156,0.4555555555555555,0.15910142154956372,0.9471409510029722,9.733149676751602e-06,1
200217,0.5679492685807561,0.06834974113739602,0.8291050352684981,0.001602879203088626,1
200253,0.3237549898726089,0.33142889204910064,0.8990311304903058,0.0001668246641830849,1
200280,0.7433733254711707,0.008741476600529024,0.975822979703038,3.003479278808505e-07,1
200332,0.5130189375312795,0.10656700897446915,0.9347325226742957,2.4686656621807566e-05,1
200572,-0.3067354496201643,0.358898213210651,0.8555131797571072,0.0007839499823380148,3
200800,0.7906049493278513,0.003768886612116682,0.8492122364603231,0.0009409431595323718,1
201104,0.19999999999999993,0.5554454421055853,0.4671515850532551,0.147418652458157,1
201195,0.482035675067361,0.13323305376554745,0.7576141960461659,0.006914530240363678,1
201441,-0.6941305449738987,0.017802408050538874,0.7054307579065324,0.015304137341707519,3
201548,0.14691246066223995,0.6664314807178987,0.731205435059977,0.010561869669213379,1
201645,0.7146988982132947,0.013451879493606229,0.942771147499954,1.3826420535916795e-05,1
201690,0.4999999999999999,0.11730680301423828,-0.1598426712248248,0.6387350998595717,2
201885,0.7142739528849726,0.013533072411015135,0.9194192334113347,6.231311135763641e-05,1
202134,-0.23068242271520106,0.49496098334492244,0.9425857336741312,1.4025342113557673e-05,3
202480,0.6542251323896047,0.028970015835448067,0.817768332516397,0.0021032125981880075,1
202523,0.07294523950157797,0.8312182934690835,0.7854135828198243,0.004174182084418374,1
202763,-0.18779378933899876,0.5802961113161362,-0.02091141455961319,0.9513386769372704,4
202806,0.168810322325452,0.6197644730561822,-0.5179182045987666,0.10269712791825254,2
203368,-0.1611004140231545,0.636062349365424,0.04280456829590406,0.9005547361366136,3
203517,0.146509305742205,0.667301280884783,0.9504084699593645,7.338741263089615e-06,1
204024,-0.32083319421767886,0.33606297743816577,0.9645215136973262,1.659771186548163e-06,3
204185,0.39999999999999997,0.22286835013351997,0.7923714740756101,0.0036378611873033356,1
204194,-0.3999999999999999,0.22286835013351997,0.8623670102345979,0.0006365174694818321,3
204264,0.1492405014489272,0.6614160064274188,0.7908948861538271,0.003747145705148199,1
204501,0.02018999386387345,0.9530158137321454,0.7700444920503955,0.00556347159691425,1
204617,-0.09999999999999996,0.7698749998921364,0.5554190059317219,0.0760917109757817,3
204635,-0.20377787840885364,0.5478419101020247,-0.6767088893150033,0.022206928312598375,4
204796,-0.4961510076624895,0.1206102933921492,0.9706572515703408,7.125593718703184e-07,3
204857,0.1666835352788728,0.6242453192966286,0.9187009392109295,6.478321406457423e-05,1
204909,0.09999999999999998,0.7698749998921364,0.9087010687478181,0.0001075841895424052,1
205957,0.17318531349117638,0.6105835094575922,0.7955263642718186,0.0034122922148318675,1
206084,-0.17077912042721843,0.6156268033791665,0.7550499043037642,0.0072206688943662915,3
206525,0.5217491947499509,0.09973576000996555,0.5480963391248556,0.08087670728330912,1
206589,0.5497624996033734,0.07977083259259354,0.792535844007894,0.0036258436617340353,1
206604,0.1064143974879177,0.7554904878355313,0.9033876283786448,0.0001376817328259032,1
206622,0.4342420229801076,0.1820326789310663,0.7319067276178504,0.010450070808613767,1
206695,0.19678711286264428,0.5619449243629978,0.9034484591100822,0.00013730446413095775,1
206862,0.18519293252726232,0.5856458209774715,0.8692911135201299,0.0005098746725201406,1
206914,0.3890632250307069,0.2369524581858555,0.73057442080561,0.010663204709008884,1
206941,0.06729036863068764,0.8441587351029394,0.9700895104945051,7.760976227425641e-07,1
207041,-0.266606841976201,0.4280819712281619,-0.0141473280909927,0.9670697470109099,4
207209,0.19999999999999996,0.5554454421055853,0.60368568645556,0.049225366524026974,1
207263,0.045415908230358445,0.8945163041791107,0.9650250850483302,1.5574985950926745e-06,1
207306,0.4794624061489763,0.13562093904216796,0.8111783398593826,0.002442916754034283,1
207324,0.3751935798563892,0.25553676826527466,0.7401792480229181,0.009195253023057343,1
207351,0.6014875736062621,0.0502804766063851,0.6762708007682078,0.02232676644955893,1
207388,0.6670722959247681,0.02495043007355401,0.9456162904019536,1.1037192995780737e-05,1
207500,0.3351932236702424,0.31361709350902905,0.9075396003564765,0.00011368572964003079,1
207564,0.4707513254176465,0.1439047482185564,0.849319704363986,0.000938082024902278,1
207582,0.7500206351982701,0.007849737534273916,0.8039450623550257,0.002861096442632845,1
207847,0.4307581076407508,0.1859618556121675,0.820750223522112,0.0019616747836200504,1
207865,-0.14248584827480534,0.6760018170620212,0.7049808779019141,0.015398468233326353,3
207971,0.6246512545441546,0.039915939344813134,0.7510274417332801,0.0077207171234074815,1
208646,0.4199488268009414,0.1984774800077128,0.8822305872524373,0.00032521647564694156,1
208822,0.7619149163684455,0.006422585510523212,0.8283013693042964,0.0016350694175080985,1
209056,0.12672251031238962,0.7104247793238456,0.9436090971462827,1.2954335878003944e-05,1
209065,-0.19798543271888763,0.5595172655136542,0.9107367208994787,9.749682474611609e-05,3
209506,0.09147033259389262,0.7891036864761983,0.9589678512672514,3.167823911460254e-06,1
209542,0.9041066412734978,0.00013327266697347196,0.9894679590771432,7.2804606799383656e-09,1
209551,0.6620222782820968,0.026480030853025246,0.9824737048958874,7.129938812100915e-08,1
209807,0.806993315379845,0.0026788641504367893,0.9403064951875942,1.6655097445029428e-05,1
209825,0.3251606414119193,0.32921163154749605,0.9348985820021838,2.4411215540679415e-05,1
210146,0.5139592496200488,0.1058170357560739,0.8976239257119283,0.0001771740854788862,1
210401,0.7393704620005568,0.00931282523518043,0.8829453924184789,0.00031676656877166904,1
210429,0.621084053118957,0.04140555593118865,0.8188996721260542,0.002048644966660761,1
210571,-0.3702444251160126,0.26236338630724587,0.8812750151634856,0.00033677842545761075,3
210739,0.4628497525796513,0.15168784157625706,0.8146353653536802,0.002259988645792691,1
211088,0.58414828212873,0.05915194448649973,0.8756474359393616,0.00041132587105502714,1
211158,0.5382645756795086,0.08761015216227086,0.9324135276367435,2.878835910566029e-05,1
211273,-0.19313842785959584,0.5693623500379396,0.26369057511646254,0.43334265533563654,3
211291,0.025151932350302858,0.9414842326486862,0.7902523286882459,0.003795453544414355,1
211361,0.24324459539958712,0.47107024268022696,0.8720887068067192,0.00046452371062764294,1
211440,0.21466788600356568,0.5261648842999742,0.8788620333228432,0.00036736303939798796,1
211477,0.19618364535410987,0.5631690613795397,0.311505299671312,0.35108441562204357,1
211583,-0.029790662264520207,0.9307128647447258,0.9301006704323673,3.338108215837167e-05,3
211644,-0.15897280926821106,0.6405858501977589,0.8548718246039005,0.0007989555761681551,3
212009,0.11717428510409392,0.7315187866695877,0.766126835212662,0.005966175605338906,1
212054,0.3075695673718643,0.3575253633335919,0.8267211950723661,0.001699770207106652,1
212106,0.5485413705249076,0.08058033606910635,0.8616956713146398,0.0006499498464643047,1
212115,0.2806904173813352,0.40311268197446504,0.8924935320397953,0.00021910023835189544,1
212160,1.3877787807814457e-17,0.9999999999999998,0.920558264514964,5.854468408999791e-05,1
212197,-0.2563280871351796,0.4467592398078937,0.576768717171201,0.0632306459441445,3
212601,0.3999999999999999,0.22286835013351997,0.7703525364281567,0.005532678927788687,1
212805,-0.0029341207206248637,0.9931688210133067,-0.41939938289924406,0.19912679816367934,4
212832,0.3,0.3700831222820675,0.8201958121036906,0.0019874352808541967,1
212911,0.5920114967714111,0.05500679164433597,0.48669369768982773,0.1289788627449352,1
213020,-0.11129455418014327,0.7445928068866201,0.9178660223169046,6.77477665669737e-05,3
213251,0.43532703458264055,0.18081940462064716,0.5471882940297509,0.08148367224466328,1
213303,0.43895978830741644,0.17679315313945554,0.7605041151422243,0.006581034526103756,1
213321,-0.7120515383786126,0.01396347220165622,0.6605917409358683,0.026925091248282833,3
213349,0.05992606321573269,0.861062543253257,0.871517429926599,0.0004735260110409272,1
213358,0.5905607458629349,0.05575617216928643,0.8181140987821423,0.002086421649089705,1
213367,0.11783756261996822,0.7300478872177297,0.9453556236289495,1.1272963127895557e-05,1
213385,0.1500455666913327,0.6596844842775696,0.5694894369237642,0.06743634505300912,1
213507,0.610847221781526,0.04589341607044635,0.6001612587787943,0.0509245660037219,1
213543,0.2722573794829865,0.417976551323916,0.6590261338966491,0.02741819678420392,1
213598,-6.938893903907228e-18,0.9999999999999998,0.7435094172590637,0.008722512471546413,3
213613,-0.2285048159545222,0.49915554129115314,0.4826673708491679,0.13265097525651215,3
213783,-0.21061953138798983,0.5341810143849621,-0.31269879414831026,0.34914324783644385,4
213826,-0.39211446511669734,0.23297248374370655,0.7959545175756899,0.003382499322454414,3
213987,0.03131975024882362,0.92716444952019,0.28290125117569714,0.39925957137672063,1
213996,0.1298412191092747,0.7035734690385337,0.9297151138690816,3.4198293561529896e-05,1
214041,0.40672867632520177,0.21445381269933605,0.9498272802880819,7.72723161159849e-06,1
214069,0.3414982789353576,0.3040251427515063,0.7205054954671772,0.012377332687044147,1
214157,0.3416344985008783,0.3038196975023081,0.6175511597118736,0.04291838513235121,1
214272,-0.4999999999999999,0.11730680301423828,0.8728917570366433,0.0004520888641076465,3
214883,-0.0952329347091827,0.780607887858272,0.5920451529480497,0.054989488715003865,3
215062,0.3230596471768835,0.33252864165272145,0.8495040522160036,0.0009331893588820416,1
215266,0.23162968851095275,0.49314118451763495,0.8003461237467939,0.0030879303679423194,1
215284,-0.137037037037037,0.687841372264822,0.48948917694074745,0.12646780849798997,3
215293,0.22618538369224872,0.5036402693742448,0.9683463469655396,9.98898169466637e-07,1
215442,0.7226288448470016,0.012000364904883935,0.8776416911872433,0.0003836100433208909,1
215655,-0.018458480505051493,0.9570418695376602,0.8194689477341524,0.002021590397375756,3
215743,0.3999999999999999,0.22286835013351997,0.17192089218475354,0.6132318142044353,1
215770,-0.18977097081756722,0.5762418920411309,0.915248207386518,7.771987237910418e-05,3
215798,-0.04488266597847976,0.8957489686685459,0.2807586809608578,0.4029934371584189,3
215929,0.4967331386427268,0.12010687913463161,0.9556612237555173,4.468266420083219e-06,1
215947,0.47157875605598787,0.14310456556939952,0.606302478560113,0.04798923841933054,1
216010,0.24084426184369434,0.4755942801482322,0.8688147168429018,0.0005179192544088928,1
216038,0.40898221263541834,0.21167834022411175,0.8547638665099969,0.0008015025711197685,1
216278,0.01288162839463388,0.9700146763309786,0.8800071566153853,0.00035259710906293334,1
216287,0.1313733821735391,0.7002147477181642,0.0012748394472058833,0.9970319123754148,1
216339,0.27162366279814937,0.41910409916997493,0.9443668472582494,1.220273589211622e-05,1
216357,-0.49999999999999983,0.11730680301423833,0.3803534579668664,0.2485286251314158,3
216524,0.2079122846609385,0.5395696906320308,0.8056520279308785,0.0027579518103000144,1
216597,0.3485079433356466,0.2935517877818973,0.10649840733075554,0.7553025442937151,1
216667,0.6675339335144489,0.024813800441911994,0.8495996927550262,0.0009306586005618286,1
216694,0.4999999999999999,0.11730680301423828,0.40790950827490297,0.21299681974549872,1
216764,0.3054402179243011,0.36103538040675087,0.942128712783706,1.4525061536634123e-05,1
216852,0.3935027958751798,0.23117454618205138,0.4857524984862099,0.12983139087428652,1
216931,0.09999999999999995,0.7698749998921364,0.6905970747721196,0.018640117601322503,1
217059,0.6650477777388794,0.02555591476245016,0.9325567519466985,2.8520846774589986e-05,1
217156,0.5148395432158435,0.1051180497882355,0.7681477533889209,0.005755858632561258,1
217235,-0.6172318590209832,0.04305697009786319,0.8227918096148722,0.0018689581948678072,3
217305,0.7633764202106608,0.0062614120656751164,0.8780913455316492,0.0003775615012785781,1
217402,0.37596705082281606,0.2544791354142404,0.9257388557306735,4.355239313884596e-05,1
217420,0.520646217238198,0.10058256904714978,0.9646311480852395,1.6370757333375046e-06,1
217484,0.2989639699163229,0.37181915473425803,0.9362901224985771,2.2194708846655243e-05,1
217518,0.795898350195993,0.003386396675585251,0.687307512501902,0.01944498565202155,1
217688,0.6108903140714741,0.04587385158190345,0.2239682283411762,0.5079434999046184,1
217749,-0.0009921446050136784,0.9976900822043684,0.7249730332576088,0.011593918083520149,3
217776,0.05266400752650642,0.8777830795392378,0.9031561868424605,0.00013912435048076102,1
217819,0.6053400712636962,0.04844135211689035,0.9420486748162894,1.461396769582926e-05,1
217864,0.05682091395258813,0.8682061087417005,0.44339932119342584,0.17194779035174035,1
217873,-0.19950799433466265,0.556438780319876,-0.17403754974838412,0.6088008754523545,4
217882,0.2849472371529533,0.39571005919271296,0.9361106248102695,2.247157608508913e-05,1
217934,6.938893903907228e-18,0.9999999999999998,0.4661461527705278,0.14840962755382037,1
218061,-0.4109974682633932,0.209214478368787,0.8704035573369511,0.0004914577631557739,3
218070,0.7251061349210512,0.011571143633542783,0.8869301779576139,0.00027267157908412467,1
218229,-0.3772167680771589,0.2527755828493746,0.7425901965604986,0.008851188807635768,3
218238,0.282624981791857,0.39974006383738,0.6593811123997881,0.027305838401448335,1
218663,0.21620129179960618,0.5231418607264898,0.79979102619299,0.0031240703230396927,1
218724,-0.0801388377222877,0.8148112526466613,0.8952931926723643,0.00019538300781503072,3
218733,-0.09999999999999996,0.7698749998921364,-0.47661337428982853,0.13829613687630044,4
218742,0.1197736376423817,0.7257590847577623,0.6882784900779148,0.019204882204770037,1
218964,0.7474606781697888,0.008184881637759614,0.9405536367492544,1.6352957442393165e-05,1
218973,0.3999999999999999,0.22286835013351997,0.6514269367805394,0.029902442837578508,1
219000,0.5151035254191516,0.10490902506451796,0.596029577631015,0.05296721938883581,1
219082,0.753086979159491,0.007461628864018024,0.6478904099449975,0.031110828047989588,1
219204,0.3895870958073525,0.2362663462670575,0.7281183623670869,0.011064351882177423,1
219347,0.6273804269322274,0.038801697682206586,0.8646927128847229,0.0005915993054999322,1
219356,0.4918228188627676,0.12439567850475935,0.8602523713064185,0.0006795517202879417,1
219471,0.19999999999999996,0.5554454421055853,0.7967082626781711,0.0033305194734742334,1
219602,0.04658125948590591,0.891823162929162,0.19372170956931772,0.5681740205277382,1
219709,0.46034104421030875,0.15421276575183182,0.9119781090250165,9.171051288996966e-05,1
219833,0.3268446740073616,0.3265656829465477,0.8166961989694217,0.0021559185654957927,1
219976,-0.22785001296878993,0.5004198633685972,0.8912313126131467,0.00023048192844080085,3
220075,-0.7319647626468997,0.010440857626688097,-0.22053664424204455,0.5146348542979002,4
220516,0.26936393333893077,0.42313668347520206,0.061206650005953045,0.8581191742936213,1
220613,-0.39262723917260917,0.23230747797128304,-0.3856050565746206,0.2415105663052555,4
220862,0.23189514332602265,0.49263174645012847,0.945298220796803,1.1325400020775316e-05,1
220978,0.25747944754907426,0.4446484352093458,0.95032559504419,7.3931976242635395e-06,1
221351,-0.20056676451253574,0.5543020521755506,0.8897231060401936,0.00024466511933373964,3
221519,0.5130411699533378,0.10654923711684983,0.7466910010198649,0.00828765695037592,1
221661,0.3275050343245381,0.32553123355947583,0.8766940641661507,0.0003965973760048424,1
221740,0.6401307145958529,0.033881568649302515,0.7520831233367041,0.007587105439018934,1
221759,0.28648218509005197,0.3930574538928421,0.9792978622143533,1.50161843593687e-07,1
221838,-0.3774813244276569,0.2524157916107808,-0.3940878915481153,0.23041925763267973,4
221847,0.3469496191107822,0.2958627203703187,0.7640908995974076,0.006183709621021605,1
221892,0.8258350756319165,0.0017368803203065284,0.8109062079020594,0.0024577702326898476,1
221971,0.4005158536629507,0.2222164928646309,0.5816132966217047,0.060532261589048224,1
221999,0.561402437310281,0.0723252604273232,0.8663719642580678,0.0005606871125114168,1
222178,0.48159909416892616,0.13363628868063018,0.9258066534779785,4.3378081346848525e-05,1
222831,0.5569467950511876,0.07511781552807756,0.9529521502529247,5.812026537691953e-06,1
222938,0.03784461501673064,0.9120368763492483,0.6349540259972458,0.03582317964977195,1
222983,0.39754949484314994,0.22598024637581507,0.7560417245073384,0.007101107657595932,1
223232,0.2646229307088883,0.4316574400643126,0.7936964281402903,0.003541825195763825,1
224147,-0.10102851359130542,0.7675640166019256,0.9450756272761835,1.153051448119614e-05,3
224226,0.0013621367478691693,0.9968286672118584,0.9505536827573443,7.244068841046295e-06,1
224545,0.45838154016456234,0.15620304162499618,0.8086774595689833,0.0025819643146580257,1
224554,-0.22085211918139555,0.5140181335784771,0.9786277686519934,1.7313928836398217e-07,3
224776,0.32141030230123635,0.33514496034282126,0.5647511741314739,0.07027289457845629,1
225247,0.8164838130940293,0.002166475250029352,0.7782993193601442,0.004780803844970442,1
225414,0.6504153999874454,0.03024464189485739,0.9643897011223741,1.687378717440227e-06,1
225432,0.6435466904287505,0.03264141604044532,0.9539278272716699,5.296514187846636e-06,1
225502,0.7253396929930709,0.01153125886687473,0.9843335443380736,4.315313788489984e-08,1
225511,0.8749961562898381,0.00042069771991926297,0.9919974999600988,2.12298262112382e-09,1
225575,0.2557661493741985,0.4477911454893224,0.7322655543744631,0.010393200790156019,1
225627,-0.3454273164978175,0.2981298558998824,-0.32889654748115965,0.3233571785147815,4
226091,0.6539809799188502,0.029050547322600078,0.8704412096082935,0.0004908433548006761,1
226231,0.0818486860905912,0.8109210246863283,0.15292081630830912,0.6535127127462175,1
226383,-0.19020761790021148,0.5753480290903586,0.8287960702972486,0.0016151978899404313,3
226471,0.004543217152753465,0.9894226935907569,0.9105308815149379,9.848260213491121e-05,1
226587,0.34593399611823294,0.29737421289722865,0.6016175738881931,0.05021764775240583,1
226833,0.4017098710459484,0.22071197946858426,0.4263413677610285,0.19101640630384026,1
227216,0.6615816852433246,0.02661654761051289,0.9962989676194406,6.646063562530963e-11,1
227331,0.19224636127089745,0.571181654839302,0.884100330058696,0.0003034671066013469,1
227368,0.6338272921603884,0.036255842954266655,0.15628383582082406,0.6463185987430209,1
227526,0.6389442833067875,0.03431989788947352,0.8002402300046324,0.0030948005597256434,1
227757,-0.18847137988632773,0.5789054723316023,0.6434084644524061,0.03269097120667607,3
227845,0.36020216090434265,0.2765290408246343,0.9372121491784786,2.0813564506960222e-05,1
227881,0.713607854595087,0.013661052223116196,0.9822717740489373,7.504946756681457e-08,1
228149,0.3605559262039525,0.27602289409360575,-0.16617417090315462,0.6253201840785387,2
228246,0.4526256396165497,0.16214139478580525,0.5899986964156301,0.056048358643740664,1
228343,0.5988225439323659,0.051580390274583075,0.863845623732699,0.0006076728277937145,1
228431,0.8452597903131825,0.0010508113497808532,0.9706862773672544,7.094227862110198e-07,1
228459,0.7697055470815134,0.00559749860301099,0.9961468570365928,7.964982785434118e-11,1
228468,0.5080917227950837,0.11055328671635499,0.8763339857678947,0.00040161864277248613,1
228529,0.848536453183729,0.0009590854253581847,0.7712735270205434,0.005441362667519255,1
228705,0.3031151978254145,0.3648881173525328,0.5870844361542095,0.057580112664327006,1
228723,0.5967359988763757,0.052614069174608695,0.9892622878220932,7.940117887829164e-09,1
228769,0.35313603331698257,0.28674739070645244,0.9978256731828449,6.0816805744239276e-12,1
228778,-0.26120239354533537,0.4378552506513106,0.9400599445893429,1.696077305286776e-05,3
228787,0.6898475890178867,0.0188213620481573,0.9280655833781598,3.786930066324963e-05,1
228796,0.5772369205542958,0.06296637375761427,0.9247060646551624,4.627474221155677e-05,1
228802,0.13919354910107723,0.6831478658409101,0.988092730654308,1.2622590036097943e-08,1
228875,0.5569827791375512,0.07509497836485039,0.8757108756451608,0.00041042150968747913,1
228981,0.04483084266881718,0.8958687766125211,0.8800477916140081,0.000352081544204881,1
229018,-0.4528112230787707,0.16194778189759376,-0.4354816660489448,0.18064689585298888,4
229027,0.7589728249170702,0.006756239703090198,0.974953031048619,3.5169360244838725e-07,1
229063,0.5321883710040071,0.09195134884814493,0.7984900791899002,0.003209998786899496,1
229115,0.6430860543676283,0.032806762670520635,0.9886938743948246,1.0006477973804271e-08,1
229160,0.42692694996803027,0.19034154357097557,0.8856137136920096,0.0002866868189311365,1
229179,-0.6738071899846035,0.023009254798207063,0.9717692206136106,5.998178437492978e-07,3
229267,0.5911818965415885,0.055434471802904194,0.9368922932384893,2.1284982631470375e-05,1
229814,0.22177630898576634,0.5122132593546982,0.9509159196326312,7.012005084617584e-06,1
230038,0.1770259531836995,0.6025651161936479,0.9268335344245807,4.0802703450739716e-05,1
230047,0.6401432226267969,0.033876968502129505,0.2488342517893234,0.4606113482842956,1
230171,0.5991505014582738,0.05141919478350276,0.9240194623482031,4.815543573845245e-05,1
230603,-0.008782562829190932,0.9795541941537982,0.9150190354046734,7.864341344480053e-05,3
230728,0.30703785756706264,0.35840017474416885,0.7113323893154623,0.014104833255550784,1
230737,0.5056912608291106,0.1125298160413354,0.9018070834828427,0.00014776442321437394,1
230764,0.8004682864514122,0.0030800187494691303,0.9847291084992614,3.8484084075497055e-08,1
230782,0.7677997083669533,0.005791685025310584,0.7906229887046736,0.0037675312122615904,1
230807,0.48020372950838847,0.13493026375813105,0.8691717898613126,0.0005118806731037563,1
230852,0.6284046108767569,0.03838919197945048,0.9516537183470397,6.557078626579338e-06,1
230959,0.5148872941134354,0.10508021991863518,0.8817740275919528,0.00033070239451987965,1
230995,0.4409246787953305,0.1746384713151591,0.7018112483815789,0.01607496276695714,1
231059,0.5650576943746488,0.07008701361814298,0.8799524631419238,0.00035329194746869176,1
231165,0.1339342502582,0.6946117259197314,0.41887017489977363,0.1997534048333305,1
231174,-0.060408086620492074,0.8599544468805654,0.3702858724157724,0.262305791081618,3
231420,-0.4525126605883501,0.16225933208515794,0.3878912511250907,0.23849156881522945,3
231581,0.5290754618456394,0.09422925199184101,0.8320155200459199,0.0014902580895317227,1
231624,0.11056539508385681,0.7462184438623152,0.7730704842700638,0.005266393463349815,1
231712,0.16923043816857286,0.6188807123636797,0.5860747352203552,0.058117395980747215,1
232043,0.16230861351605885,0.6334985422481331,0.8597172540608203,0.0006907814353706824,1
232089,0.1,0.7698749998921364,0.6969419094272754,0.01715542070134106,1
232186,0.5774730183776949,0.06283339500159676,0.9793767371354147,1.4762123755194116e-07,1
232256,0.4662524041201567,0.14830470736655949,0.6081244702162761,0.04714127870187075,1
232265,-0.4733646312031286,0.14138706100697143,-0.0355874005544323,0.9172673828675529,4
232423,0.7192412775544942,0.012605799852185177,0.9673311295976079,1.1496840584979958e-06,1
232557,0.6210580704304374,0.04141654511725664,0.783899176725059,0.004298253821182847,1
232566,-0.11227430877439654,0.7424099481341645,0.9134525529518869,8.518298270213859e-05,3
232609,0.12737877418422605,0.708981454184865,0.8972634292467936,0.00017990233689951622,1
232681,0.7415803227755124,0.008994144059573264,0.8390544821493457,0.0012424150290771341,1
232706,0.031997884750295684,0.925591142178185,0.8345706898363741,0.0013963681665069535,1
232937,0.2600114408375254,0.4400230005972963,0.8958029607378252,0.00019128401428994396,1
232982,0.7894922246804703,0.0038531920285005384,0.975534771801518,3.166671484357239e-07,1
233277,0.4438817643396763,0.17142621254376353,0.8717621425283159,0.00046965376181743536,1
233295,-0.14991236245026524,0.6599708747674806,0.3672508816760724,0.266542168247298,3
233374,0.8598442156549331,0.0006881045022081103,0.8005963009784792,0.0030717443090912777,1
233426,-0.14907119849998593,0.66178033051916,0.5158692433173095,0.10430424980625957,3
233684,0.8916757702050623,0.00022642409427407582,0.904082447386555,0.00013341925182116604,1
233897,0.3999999999999999,0.22286835013351997,-0.6398426000551267,0.03398765107926554,2
233921,0.27834919179928846,0.4072128965422633,0.9320232814316322,2.9527034243793243e-05,1
234030,0.604576829426317,0.048801978445910714,0.9544605397692276,5.0303533452419175e-06,1
234076,0.23649408280888462,0.48384283774688447,0.8168884187917431,0.0021463973632270764,1
234085,0.13848695787245227,0.6846846153714266,0.5993117627470821,0.05134005945116424,1
234155,0.04044226975606633,0.9060213749063204,-0.12814672085130002,0.7072935944457094,2
234207,0.419645145403337,0.19883620533874102,0.7541167880533872,0.007334492504165586,1
234827,0.8004629909552693,0.003080361389080289,0.9712469447597187,6.509029010480879e-07,1
234915,0.167749113164878,0.6219988547564043,0.6735570514815924,0.023079368210444567,1
235097,0.37911929747858303,0.2501947100840275,0.9694437390730805,8.536017704590807e-07,1
235316,0.5826129710867587,0.05998534909071697,0.9158361412809444,7.538846622582893e-05,1
235422,0.16081277874821476,0.6366732430324089,0.7755781803062319,0.005029189494515734,1
236230,-0.18489083076620735,0.5862684319350767,0.8707197363346095,0.00048631639920688227,3
236328,0.5244402976702991,0.09768926794176705,0.7302038387465883,0.010723044591441558,1
236452,-0.1104954183969685,0.7463745036046885,0.6910944584469273,0.018520528676331655,3
236577,0.49714871985125064,0.11974832004716778,0.9349161459131823,2.4382221054583832e-05,1
236595,-0.0602549944334038,0.8603063573822612,0.8813279128862155,0.00033613035504300473,3
236896,0.3384918060117705,0.3085787467448055,0.8836193949640029,0.00030895264204984567,1
236939,0.793673556745873,0.0035434668593835373,0.9885777538444253,1.0475588253639936e-08,1
236948,-0.10390546532094241,0.7611088165220914,0.9558919197063311,4.366062672720401e-06,3
237011,0.31875093770816654,0.33938629036043483,0.9782868678054479,1.8582693727472785e-07,1
237066,0.4575321558640467,0.157070704824785,0.8425330742005313,0.0011320423705621647,1
237118,-6.938893903907228e-18,0.9999999999999998,0.5673997584721486,0.06867763356747442,3
237215,-0.4999999999999999,0.11730680301423828,0.6104214488798945,0.04608703207517076,3
237330,0.3427732086742724,0.3021052684863083,-0.3256443997200109,0.32845038691478834,2
237367,-0.09999999999999998,0.7698749998921364,0.6969897916821828,0.017144549613408736,3
237525,0.10166697107708234,0.7661303094334792,0.8734243366638481,0.0004439822486315646,1
237783,0.13616557261444212,0.6897408753588499,0.3845388579500574,0.24292602880355352,1
237792,0.3260041659511975,0.3278848653124083,0.6742796344335555,0.022877242120815072,1
237950,0.2074358642103687,0.5405202955462738,0.5549245323330351,0.07640871347175056,1
238032,0.2873080118339727,0.39163398189374377,0.8411288383388037,0.0011756709506375376,1
238430,0.7330508130680856,0.010269530645325556,0.9288430631293327,3.6103252469395e-05,1
238458,-0.13065910866045818,0.7017799421194202,0.9131476036675465,8.65029332536166e-05,3
238476,0.11872338529424875,0.7280847396395479,0.7025573784274444,0.01591383267658108,1
238616,0.5302267114521321,0.09338254021457312,0.43552777646556473,0.18059547392194708,1
238661,-0.502691175732941,0.1150319878160535,0.6116736193564247,0.04551922182478434,3
238980,0.03073960590446724,0.9285106006369307,0.8856371645882156,0.0002864324708080137,1
239105,0.36444269647059185,0.2704961455260938,0.9263925288694312,4.189393840088789e-05,1
239716,0.08190183658369496,0.8108001583314529,0.6124173459527882,0.04518426490928158,1
240189,0.24738993697939657,0.46330354717489614,0.9306554088676476,3.223166014273207e-05,1
240268,0.11061487036934856,0.7461081108449351,0.8797310975845373,0.00035611483957994966,1
240277,0.7481882821175043,0.008088582919389175,0.9158001852453378,7.552949192712855e-05,1
240329,0.47303334330891783,0.14170467941704815,0.8839556106649276,0.00030510993083869873,1
240338,0.24411262401132078,0.4694390437125933,0.6421695772633407,0.033137477631181744,1
240365,0.3157552622781527,0.34419764789520463,0.8966081940498253,0.0001849429828236569,1
240374,0.8425401722979378,0.0011318249758800387,0.915011837266587,7.867255651959965e-05,1
240392,0.5131375531532034,0.10647221386777968,0.8508435618882553,0.000898212667441575,1
240417,0.40104911275438165,0.22154382059520825,0.9247708576087823,4.610021755318133e-05,1
240444,0.7336753441644253,0.01017193936210396,0.8818249280162074,0.00033008733370272616,1
240453,0.6733927480065462,0.023125504644776446,0.9690224486248578,9.073006705101596e-07,1
240462,0.6492725236414814,0.03063457290346739,0.96693507054123,1.2130531716960196e-06,1
240471,0.5614696037235255,0.07228370533598841,0.8934411453912842,0.00021084039594184586,1
240480,0.269828057501894,0.42230691558896205,0.9343478801687507,2.533382570495479e-05,1
240727,0.06296007016708194,0.8540916550857363,0.9331278333517172,2.7473107069560394e-05,1
240754,0.18831274409191298,0.5792309298677121,0.1500664302303831,0.659639631165657,1
242617,0.3860437205866693,0.24092959225428412,0.021166477532816058,0.9507457564092094,1
242635,0.6013449264141314,0.05034947971443957,0.5974635051839131,0.05225206588672268,1
242653,0.3999999999999998,0.22286835013352022,0.07317646967605418,0.8306899320940798,1
242662,-0.29999999999999993,0.37008312228206774,-0.37325879282108276,0.2581933289040434,4
242705,-0.5039082240148424,0.11401264560933484,-0.49579113435135536,0.120922180201955,4
242972,-0.6694895181555789,0.024240882601086814,-0.7776531256291347,0.0048389504962591985,4
243197,-0.8186481917240626,0.0020606821334507334,-0.7093208640576798,0.01450570780975588,4
243221,0.6036759438188742,0.04923000920840277,0.5188204040154799,0.10199462971962288,1
243665,0.48246465242352266,0.132837594639336,0.7850209110696436,0.004206095165854712,1
243744,0.27534773626545656,0.41249909652392025,0.14193839467978092,0.6771884398086507,1
243780,0.30153041222001004,0.36752626135357025,0.9699207150223443,7.958077168090966e-07,1
248934,0.7816096927693243,0.0044909708347579715,0.9520292067088019,6.334471073523932e-06,1
251312,0.17060678360673143,0.6159885915654292,0.3660564570537934,0.26821992813080553,1
262086,0.15254023741252554,0.6543285235849492,0.05056670635480205,0.8826206500738485,1
363934,0.7094191320626303,0.014485935744994568,0.5361297116056607,0.08911965074549473,1
366252,0.2859991051294288,0.3938913274485553,0.8362363219983731,0.001337599491342482,1
366711,0.5820353346054606,0.06030095754636809,0.9914043501867733,2.926274633456838e-09,1
367884,0.11253011200353029,0.7418403071133051,0.9458073328852481,1.0866821342539099e-05,1
377555,-0.3427100014976636,0.3022002936215545,0.9058940047670988,0.00012277860974390297,3
377564,0.41136279505388984,0.20876966200865132,0.9422187034088975,1.4425597376258594e-05,1
384254,0.24779335493985394,0.4625508531004872,0.4821322852087534,0.13314392716988405,1
409315,0.2918024468573396,0.3839321935318733,-0.24870033923016602,0.4608606580932597,2
409698,0.769837778636661,0.005584205595929104,0.9845675982893982,4.03404946791058e-08,1
413413,0.12315278328491933,0.7182905562334453,0.8841626717614195,0.0003027614899543996,1
420042,0.054950447076481085,0.8725135248660181,0.19510262121408134,0.5653645618476993,1
430184,0.42327219121471565,0.19457712878405786,0.7737583482250043,0.0052005254833669,1
433387,0.9232833499981743,5.023621120133285e-05,0.991158702854377,3.320699372014777e-09,1
433536,-0.29999999999999993,0.37008312228206774,0.10005824411773227,0.769744085209885,3
437097,0.5559604620706667,0.07574559785384007,0.5231929763291405,0.09863436169748276,1
438498,0.12403636775457545,0.7163412887091429,-0.08376429704137595,0.8065672065100142,2
438586,-0.00221392869059385,0.9948455397690753,-0.4924363843830033,0.12385449930631755,4
440749,0.07453559924999295,0.8275855965776872,0.27012203559489784,0.42178174289778564,1
441937,0.8575989358856715,0.0007366154612555704,0.9708555764763672,6.913401819226984e-07,1
442569,-0.12330977045357676,0.7179441178276078,0.6115903076395633,0.04555684980142849,3
443410,-0.15964781716685766,0.6391495182569854,-0.3005232026608797,0.3692079883412005,4
443766,0.19999999999999996,0.5554454421055853,0.2223237191816673,0.5111454906138558,1
443784,0.46874940824542305,0.14585235941684635,0.729412236571119,0.010851684582753634,1
445027,0.17443366789411113,0.6079729587207361,-0.2935427242580839,0.3809706241726363,2
445133,-0.3265183034252642,0.3270775867213905,-0.6825669835130082,0.020648080764170157,4
445267,0.38741300118070765,0.23912129657943318,0.876953528743451,0.0003930087615258572,1
445692,0.5782863302073731,0.062376764582556705,0.5782863302073731,0.062376764582556705,1
446640,-0.11141749952286467,0.7443187961001163,0.46799416481874745,0.14659139138067695,3
447689,0.7895676156938896,0.0038474363795496483,0.952868684545916,5.857857149975063e-06,1
449038,0.5529154177608838,0.07770581101582943,0.674700701637071,0.022760039563029615,1
449339,0.16627137928992408,0.6251150035257487,0.8618905685114695,0.0006460284415636122,1
450298,0.14348601079588785,0.6738356425772041,-0.33004772497948565,0.3215645078613707,2
450377,0.6025430186254646,0.049771938258440264,0.47887922013783957,0.1361658517330065,1
450933,0.3386254087025547,0.30837561026894494,0.6589352841326187,0.027447005032265964,1
451820,-0.3297661489021288,0.3220024987793986,0.5807769645909369,0.060992402823812096,3
453163,-0.32800117778216176,0.32475518167213113,0.5361626152736032,0.08909625621737714,3
453215,0.1358608633709012,0.6904054203006214,0.10950493021201252,0.7485843730623033,1
458919,0.2845488909492906,0.39639990537834013,0.4796657270759693,0.1354312868759211,1
458964,0.27323500104022896,0.4162399901891188,0.40480486704593494,0.21684013872912244,1
459994,0.542609757679739,0.0845902371960022,0.7987372175785222,0.0031935418068978092,1
475121,0.9274736515428186,3.925770493407375e-05,0.9130049179452561,8.712587914952765e-05,1
